{
    "prerelease": {
        "download": "https://github.com/Shatter-Team/Shatter/releases/download/2023.6.4/shatter_2023.6.4.zip",
        "version": [
            2023,
            6,
            4
        ]
    },
    "stable": {
        "download": "https://github.com/Shatter-Team/Shatter/releases/download/2023.6.4/shatter_2023.6.4.zip",
        "version": [
            2023,
            6,
            4
        ]
    },
    "updatertest": {
        "blender_version": [
            3,
            2,
            0
        ],
        "download": "https://github.com/Shatter-Team/Shatter/releases/download/2023.6.4/shatter_2023.6.4.zip",
        "version": [
            4,
            2,
            0
        ]
    }
}
